date,# of orders,# of new orders,new customers,total revenue,gross profit,COGS,impression,clicks,spend,attributed revenue,facebook_spend,google_spend,tiktok_spend,facebook_attributed revenue,google_attributed revenue,tiktok_attributed revenue,facebook_clicks,google_clicks,tiktok_clicks,facebook_impression,google_impression,tiktok_impression,marketing_roas,attribution_rate,profit_margin
2025-05-16,2452,987,989,238010.95,124434.71,113576.24,4941478,125323,40107.26,110281.84999999999,15440.67,12669.470000000001,11997.119999999999,40775.59,36422.52,33083.74,19638.0,83448.0,22237.0,1475903.0,2033462.0,1432113.0,2.749673001845551,0.46334779975459106,0.5228108622733534
2025-05-17,2173,772,761,224086.4,126119.02,97967.38,5045054,124233,41682.96,114401.63,17210.84,13250.04,11222.08,42695.57,39544.909999999996,32161.149999999998,21777.0,79998.0,22458.0,1677399.0,1905351.0,1462304.0,2.744565884956347,0.5105246458508861,0.5628142537878247
2025-05-18,2749,1275,1192,226582.57,128282.08,98300.49,5257187,125364,42959.17,123677.58,17492.64,12191.8,13274.73,46380.880000000005,40701.78,36594.92,23297.0,76834.0,25233.0,1687499.0,1880528.0,1689160.0,2.8789564602854294,0.5458388966106263,0.5661604067779794
2025-05-19,2060,1012,960,203540.86,100212.05,103328.81,4768188,115391,39938.04,111469.36,16296.34,12085.4,11556.3,42482.04,37043.71,31943.61,21285.0,70965.0,23141.0,1600554.0,1679868.0,1487766.0,2.7910573478317913,0.5476510220110105,0.4923436503117851
2025-05-20,1791,910,908,188081.24,115962.11,72119.13,4811244,109106,33217.76,92178.22,14728.15,8239.23,10250.380000000001,39414.45,23916.8,28846.97,21760.0,68390.0,18956.0,1642554.0,1846924.0,1321766.0,2.7749679689419153,0.4900978959943055,0.6165533043061605
2025-05-21,2874,934,872,251286.55,123962.87,127323.68,5187524,122433,42801.14,118069.09,18150.58,13044.49,11606.07,46508.97,38782.11,32778.01,23840.0,75837.0,22756.0,1734795.0,1907229.0,1545500.0,2.7585501227303757,0.46985837483144244,0.49331279370105563
2025-05-22,1704,848,842,186182.97,99768.23,86414.74,5060508,120066,35114.58,98498.49,15581.33,9501.57,10031.68,40043.08,29695.73,28759.68,25347.0,74245.0,20474.0,1858669.0,1807037.0,1394802.0,2.805059607718503,0.5290413510967196,0.5358612014836802
2025-05-23,2745,1268,1177,243080.55,130791.92,112288.63,4776312,118195,38269.09,107060.0,17741.35,11281.710000000001,9246.03,44653.05,35812.92,26594.03,22306.0,77937.0,17952.0,1662268.0,1878314.0,1235730.0,2.7975580292084294,0.4404301372528571,0.5380599969845387
2025-05-24,3096,1097,1060,282268.06,174043.94,108224.12,5464877,130748,47081.29,127327.49,20450.54,16672.559999999998,9958.19,51635.81,48831.380000000005,26860.3,23800.0,87491.0,19457.0,1814306.0,2338448.0,1312123.0,2.7044180395227064,0.4510871332732439,0.6165909809278457
2025-05-25,2254,1023,1041,227809.53,114404.11,113405.42,4742807,111296,38483.8,105963.92,17109.46,9933.56,11440.78,45619.490000000005,28777.52,31566.91,27089.0,65437.0,18770.0,1895796.0,1618717.0,1228294.0,2.753468212598548,0.46514261277831526,0.502191940784918
2025-05-26,3820,1330,1271,270095.08,159451.57,110643.51,4961328,127562,41851.42,115612.25,17864.7,15042.199999999999,8944.52,44773.07,45460.51,25378.670000000002,22111.0,85942.0,19509.0,1644416.0,2044846.0,1272066.0,2.762445097442333,0.42804278404478896,0.5903534784861686
2025-05-27,2138,1122,1142,208047.23,113217.2,94830.03,4825667,120965,37522.38,104488.72,15354.36,12996.69,9171.33,40557.05,38303.0,25628.67,19623.0,82161.0,19181.0,1473003.0,2059053.0,1293611.0,2.7847039553461164,0.5022355741049761,0.544189893804402
2025-05-28,2895,1326,1271,285303.34,142558.79,142744.55,5509301,128889,46185.43,126413.23,22933.64,11975.720000000001,11276.07,60103.03,35330.2,30980.0,28650.0,79491.0,20748.0,2195486.0,1933361.0,1380454.0,2.7370802870082622,0.44308359656777935,0.49967445176071196
2025-05-29,3396,1580,1463,280842.28,166797.62,114044.66,5533635,137919,44560.4,129619.02,17945.64,14678.01,11936.75,51222.71,45382.84,33013.47,26086.0,91001.0,20832.0,1889969.0,2245351.0,1398315.0,2.908838789597939,0.46153670309185635,0.5939191919393333
2025-05-30,3695,1364,1272,262078.97,152352.5,109726.47,5296175,128734,46977.39,129427.02,21853.42,13900.16,11223.81,56279.19,42726.52,30421.31,25882.0,82834.0,20018.0,1881567.0,2119787.0,1294821.0,2.7550917579712286,0.49384740790151915,0.5813228737887668
2025-05-31,2839,1143,1124,311053.4,191986.06,119067.34,5520102,143852,44786.52,125403.53,19538.88,14261.39,10986.25,48808.11,45057.53,31537.89,26014.0,96753.0,21085.0,1970971.0,2181961.0,1367170.0,2.8000284460592164,0.4031575607275149,0.6172125429267129
2025-06-01,2571,1279,1226,255879.74,135261.16,120618.58,5737046,161051,45391.46,133620.71,14544.8,19515.7,11330.96,37540.74,62804.29,33275.68,21220.0,115515.0,24316.0,1550987.0,2656182.0,1529877.0,2.9437411795082156,0.5222012106155806,0.5286122301046577
2025-06-02,3118,1242,1205,307232.77,148210.99,159021.78,5906207,152984,46107.8,129337.68000000001,19793.6,14527.65,11786.550000000001,51274.130000000005,44815.15,33248.4,25943.0,103246.0,23795.0,1875244.0,2431267.0,1599696.0,2.805114969701439,0.4209761868826688,0.48240618993865786
2025-06-03,3281,1413,1428,347768.64,210208.71,137559.93,5892508,147992,51232.64,144685.59,18187.96,16903.6,16141.08,49315.66,51394.229999999996,43975.7,24590.0,95081.0,28321.0,1763014.0,2230394.0,1899100.0,2.82409007226643,0.4160397843807883,0.604449872190891
2025-06-04,3178,1486,1395,326038.67,187910.1,138128.57,6063830,153442,46824.97,133194.72,20694.75,12344.24,13785.98,53614.32,40566.11,39014.29,27733.0,99256.0,26453.0,2077409.0,2306978.0,1679443.0,2.8445233387229076,0.4085243017339017,0.5763429841006283
2025-06-05,3256,1347,1363,264534.4,140613.06,123921.34,5521931,136914,47383.54,133231.43,19877.809999999998,13247.17,14258.560000000001,51215.65,40585.67,41430.11,25849.0,86394.0,24671.0,1828871.0,2060287.0,1632773.0,2.811766068976695,0.5036450079838387,0.5315492427449888
2025-06-06,2941,1080,1016,294622.51,150806.04,143816.47,5959322,144218,51800.26,142756.3,23023.78,16026.64,12749.84,59690.92,46411.020000000004,36654.36,27672.0,94437.0,22109.0,2106135.0,2389551.0,1463636.0,2.755899294713964,0.4845396911457987,0.5118619076322444
2025-06-07,3588,1642,1592,312361.94,183159.55,129202.39,5855818,140995,44771.76,126252.86,19443.52,15202.73,10125.51,51955.67,44811.58,29485.61,29275.0,93205.0,18515.0,2137730.0,2475095.0,1242993.0,2.8199217542486603,0.4041877189007086,0.5863696134042451
2025-06-08,2351,1166,1108,238539.55,123202.23,115337.32,6483046,167451,46518.229999999996,131145.87,19597.98,15928.72,10991.53,51055.9,48310.4,31779.57,29714.0,112855.0,24882.0,2159143.0,2681840.0,1642063.0,2.819236028541929,0.5497866915570185,0.5164855471555975
2025-06-09,4688,1446,1416,332386.4,164252.25,168134.15,6174413,156159,52683.01,153335.69,19312.14,17829.22,15541.65,51243.22,55818.86,46273.61,27315.0,101934.0,26910.0,2021627.0,2390761.0,1762025.0,2.910533965314434,0.4613175809840595,0.4941605613226052
2025-06-10,2844,1560,1491,279947.9,138358.0,141589.9,5054334,118254,40869.31,115935.61,19202.17,10381.06,11286.08,53349.479999999996,31959.3,30626.829999999998,27447.0,69277.0,21530.0,1978585.0,1616004.0,1459745.0,2.8367400868769255,0.41413280828325555,0.4942276759354151
2025-06-11,2503,1115,1066,266579.13,134311.89,132267.24,6600955,179991,51503.31,145203.24,17013.56,19819.89,14669.86,44244.76,59644.11,41314.37,22446.0,130189.0,27356.0,1610079.0,3103060.0,1887816.0,2.8192991867901305,0.544690951613504,0.5038349776293441
2025-06-12,3226,1409,1434,245632.45,122339.86,123292.59,5454298,136742,44810.19,127995.17,17842.25,14601.02,12366.92,48411.04,46848.91,32735.22,24458.0,90047.0,22237.0,1843773.0,2168606.0,1441919.0,2.8563853444941874,0.5210841238606707,0.4980606593306381
2025-06-13,3794,1442,1439,280759.18,173768.89,106990.29,5958240,150001,50481.6,140559.42,20376.36,16996.62,13108.62,50670.45,52094.96,37794.01,27855.0,96057.0,26089.0,2003913.0,2226653.0,1727674.0,2.7843693543786254,0.5006405133395817,0.6189250517115772
2025-06-14,2849,1407,1366,254952.68,125791.92,129160.76,5658213,140766,46089.96,129725.87,18749.71,16740.989999999998,10599.26,48464.21,51203.4,30058.26,24181.0,93831.0,22754.0,1805376.0,2354833.0,1498004.0,2.8146231847456584,0.508823323606561,0.4933932053587356
2025-06-15,3837,1909,1940,273449.33,154000.52,119448.81,5304439,129492,44597.090000000004,123330.65,18580.24,14625.23,11391.62,47109.35,45414.54,30806.76,24918.0,82514.0,22060.0,1884583.0,1980315.0,1439541.0,2.765441646528955,0.4510182928588634,0.5631775364013508
2025-06-16,3112,1406,1413,246546.12,146123.4,100422.72,5136382,125362,41906.340000000004,113528.2,19931.45,11378.17,10596.72,45801.29,37287.62,30439.29,26938.0,76935.0,21489.0,1984820.0,1759692.0,1391870.0,2.709093659813765,0.460474494589491,0.5926818073632633
2025-06-17,2754,828,796,268478.64,155613.89,112864.75,5115587,125150,42395.16,120350.14,19362.98,12998.95,10033.23,51031.44,41143.45,28175.25,26602.0,79101.0,19447.0,1977295.0,1872428.0,1265864.0,2.8387707464720027,0.44826709491675015,0.579613670569845
2025-06-18,2350,948,933,205892.84,111708.52,94184.32,5030125,129390,39650.9,110958.48,14182.36,14826.369999999999,10642.17,37535.36,44296.86,29126.26,21583.0,86785.0,21022.0,1576599.0,2016607.0,1436919.0,2.798384904251858,0.5389137378453762,0.5425566037167684
2025-06-19,3329,1745,1642,252292.39,135610.52,116681.87,4818069,132402,38218.23,107499.77,13354.41,14585.59,10278.23,34858.14,44013.2,28628.43,18235.0,96462.0,17705.0,1360823.0,2246642.0,1210604.0,2.8127877716995267,0.4260920038055845,0.5375133193672627
2025-06-20,2352,1050,1029,238838.78,140053.87,98784.91,4662334,116103,38111.87,104290.82,16498.93,11194.77,10418.17,43998.05,31827.28,28465.49,24007.0,74684.0,17412.0,1708920.0,1767795.0,1185619.0,2.7364393297941034,0.4366578157868668,0.5863950150808842
2025-06-21,2642,1314,1325,193739.26,101995.71,91743.55,4428131,110337,38409.59,102301.97,17520.079999999998,10944.34,9945.17,44413.67,30536.44,27351.86,21346.0,69854.0,19137.0,1561667.0,1610433.0,1256031.0,2.663448633531366,0.5280394381603398,0.5264586537596975
2025-06-22,2629,1324,1237,204623.63,110598.24,94025.39,5149710,136497,39586.29,108390.48,16651.55,13598.78,9335.960000000001,41656.33,39570.68,27163.47,23666.0,92815.0,20016.0,1694355.0,2142436.0,1312919.0,2.738081290264887,0.5297065641930016,0.5404959339251288
2025-06-23,2678,1088,1013,224725.49,124066.35,100659.14,4948755,112332,41134.66,111997.54000000001,14888.76,11066.67,15179.230000000001,37603.33,32916.090000000004,41478.12,23673.0,63727.0,24932.0,1736733.0,1582123.0,1629899.0,2.722704891689879,0.49837488395286184,0.5520795616020239
2025-06-24,2789,1036,1008,223036.6,118532.52,104504.08,4765472,114052,37588.0,103868.41,15737.04,9858.34,11992.62,39331.44,29965.54,34571.43,22541.0,68460.0,23051.0,1653992.0,1605565.0,1505915.0,2.7633396296690433,0.46570118984955833,0.531448739803243
2025-06-25,2076,1068,1022,226634.34,120591.38,106042.96,4803422,127935,38266.69,111703.35,15734.609999999999,14450.46,8081.62,42196.87,47036.8,22469.68,23097.0,88788.0,16050.0,1658971.0,2063561.0,1080890.0,2.9190753106683647,0.49287919032923255,0.532096680494227
2025-06-26,3659,1354,1292,258581.26,130668.26,127913.0,4818536,124204,39016.98,109786.13,13797.25,15417.36,9802.369999999999,36198.229999999996,46005.64,27582.26,19538.0,85728.0,18938.0,1461734.0,2079988.0,1276814.0,2.813803887435675,0.42457110000933557,0.5053276482603573
2025-06-27,2453,751,711,184223.58,108267.23,75956.35,4368446,105238,36252.9,97141.06,14267.710000000001,10039.64,11945.550000000001,36102.32,28063.48,32975.26,19381.0,66652.0,19205.0,1445469.0,1658618.0,1264359.0,2.6795390161890493,0.5272998168855475,0.5876947456997633
2025-06-28,3930,1849,1846,307475.24,149606.21,157869.03,5683224,137236,45059.86,132992.65,17947.2,14417.68,12694.98,45216.45,49269.83,38506.369999999995,23356.0,86547.0,27333.0,1785053.0,2088261.0,1809910.0,2.951466116406043,0.4325312503211641,0.4865634384088943
2025-06-29,2434,939,935,262293.26,154577.22,107716.04,5349406,129709,42239.76,120976.01000000001,19311.25,13332.76,9595.75,52999.55,41043.03,26933.43,28595.0,80572.0,20542.0,2089409.0,1892155.0,1367842.0,2.8640316611647414,0.46122424190389033,0.5893297448817404
2025-06-30,3922,1709,1645,294637.56,153617.64,141019.92,5234075,121407,46959.11,133679.98,21399.47,11968.99,13590.65,55432.32,37155.42,41092.24,25296.0,71689.0,24422.0,1882478.0,1753437.0,1598160.0,2.8467315500655785,0.45370990718223436,0.5213783334344746
2025-07-01,2691,1280,1253,260678.58,151234.85,109443.73,5137096,128815,42098.21,120365.99,18374.68,11998.06,11725.470000000001,49475.450000000004,37314.96,33575.58,24606.0,82638.0,21571.0,1741212.0,1957760.0,1438124.0,2.8591712094172177,0.46174100687521014,0.5801583313826553
2025-07-02,2185,1010,936,221373.06,110298.83,111074.23,5798032,139617,41694.88,117814.48,19072.62,12122.24,10500.02,49851.64,39133.58,28829.26,28422.0,88112.0,23083.0,2129652.0,2079780.0,1588600.0,2.8256342265525167,0.5321988140743051,0.49824865771833304
2025-07-03,2425,1294,1301,245773.9,143543.71,102230.19,5454764,132034,44573.31,122284.68,17783.62,12713.03,14076.66,42724.24,39845.99,39714.45,24597.0,81819.0,25618.0,1850411.0,1871950.0,1732403.0,2.7434507331853974,0.497549495695027,0.5840478179334746
2025-07-04,2863,1528,1508,309074.55,157364.9,151709.65,5343446,126320,46890.12,129519.35,19510.89,17488.64,9890.59,49233.020000000004,53698.79,26587.54,26231.0,79649.0,20440.0,1904949.0,2074134.0,1364363.0,2.7621884951456726,0.41905537029820156,0.5091486827368996
2025-07-05,2401,1308,1281,255166.55,156650.22,98516.33,5843405,147184,46364.77,129534.85,20427.93,14788.59,11148.25,53960.49,42883.36,32691.0,26068.0,97430.0,23686.0,1921192.0,2359451.0,1562762.0,2.7938206099156755,0.507648239943676,0.6139136183798386
2025-07-06,2325,1037,992,250387.78,131988.5,118399.28,5923070,130079,48769.05,133244.91,23686.45,11757.08,13325.52,61835.55,35238.229999999996,36171.13,30615.0,74081.0,25383.0,2368672.0,1810593.0,1743805.0,2.73216127851578,0.5321542049695875,0.5271363482674754
2025-07-07,3157,1067,1055,281358.54,144783.74,136574.8,6844957,179869,52654.84,148679.95,20295.329999999998,19340.93,13018.58,52892.97,58713.69,37073.29,29149.0,130245.0,20475.0,2211358.0,3227721.0,1405878.0,2.8236711003205026,0.528435888244231,0.5145880412942149
2025-07-08,4059,1859,1828,309158.9,162124.63,147034.27,5750439,136061,48011.62,135124.98,17916.45,14617.710000000001,15477.46,47185.84,43017.63,44921.51,23795.0,86921.0,25345.0,1823033.0,2244837.0,1682569.0,2.81442242523789,0.4370729097561157,0.5244055079766424
2025-07-09,3405,1603,1558,309767.38,166259.78,143507.6,6578953,169286,55520.98,157092.21,23495.88,19028.53,12996.57,61887.28,57852.39,37352.54,31138.0,114691.0,23457.0,2300391.0,2715398.0,1563164.0,2.8294206982657726,0.5071296080303872,0.5367246221987608
2025-07-10,3201,1142,1059,308905.09,154759.0,154146.09,5721272,133139,46183.35,133274.4,22159.26,12575.11,11448.98,60253.23,40044.33,32976.84,31123.0,81186.0,20830.0,2333249.0,1956084.0,1431939.0,2.8857672732705617,0.4314412559534062,0.5009920684699627
2025-07-11,2721,1117,1096,287198.02,172144.23,115053.79,5468322,134973,46163.16,128493.53,21882.49,12820.15,11460.52,56744.92,40492.45,31256.16,27358.0,86964.0,20651.0,1950544.0,2129435.0,1388343.0,2.783464780140701,0.4474039549437005,0.5993921197646139
2025-07-12,2422,807,796,244765.7,125622.42,119143.28,5523738,130769,45368.22,119856.46,19339.989999999998,11643.8,14384.43,50197.09,33516.03,36143.34,26083.0,79761.0,24925.0,2009518.0,1873949.0,1640271.0,2.641859433762224,0.4896783331978296,0.5132353920504384
2025-07-13,2375,963,934,253761.23,131128.09,122633.14,5439869,130017,44672.29,124739.91,19532.52,12412.5,12727.27,50491.08,38499.84,35748.99,27200.0,80222.0,22595.0,2034295.0,1874869.0,1530705.0,2.792333010015829,0.49156409747856283,0.5167380769710171
2025-07-14,2387,852,868,258456.91,137153.92,121302.99,5268192,138769,46806.56,134586.38,17015.66,16004.14,13786.76,45570.75,48624.380000000005,40391.25,20327.0,92397.0,26045.0,1545635.0,2050862.0,1671695.0,2.875374306507464,0.5207304381995436,0.5306645506208366
2025-07-15,2597,1428,1354,222248.63,110293.62,111955.01,4787500,123673,42026.63,114042.28,18405.94,13287.130000000001,10333.560000000001,47891.92,38033.76,28116.6,24106.0,82350.0,17217.0,1724724.0,1898287.0,1164489.0,2.7135718471835597,0.51312928228174,0.4962623166675988
2025-07-16,3996,1865,1772,318631.49,168834.07,149797.42,5163357,128745,45814.35,131800.2,20115.21,13415.82,12283.32,53110.75,42842.17,35847.28,23081.0,83173.0,22491.0,1745777.0,1931654.0,1485926.0,2.876832258888318,0.41364461497512384,0.529872518249844
2025-07-17,2645,892,871,210274.48,122505.97,87768.51,5421327,136675,37734.46,109804.5,14131.09,11586.85,12016.52,37636.21,36572.13,35596.16,23191.0,91090.0,22394.0,1678803.0,2187586.0,1554938.0,2.9099263643894733,0.5221960363425937,0.5826002756016803
2025-07-18,2451,1336,1345,234358.56,122684.32,111674.24,4653041,110819,39277.59,110422.02,15989.55,11306.27,11981.77,43816.67,32844.75,33760.6,21712.0,67484.0,21623.0,1534570.0,1682464.0,1436007.0,2.811323709015752,0.47116700153815594,0.5234898183364841
2025-07-19,2282,772,786,208348.08,116790.05,91558.03,4712936,107999,34412.770000000004,96351.8,14972.630000000001,10143.73,9296.41,38593.86,31839.61,25918.33,24340.0,63137.0,20522.0,1808064.0,1462529.0,1442343.0,2.799885042674565,0.46245590552118365,0.5605525618474623
2025-07-20,3558,1611,1643,269928.31,160649.81,109278.5,4725707,122395,36604.55,108269.91,12240.75,13674.39,10689.41,32723.329999999998,44067.72,31478.86,21815.0,83660.0,16920.0,1590908.0,1954807.0,1179992.0,2.9578265543491176,0.40110616778210484,0.5951573215866094
2025-07-21,2838,1160,1106,267155.65,148102.94,119052.71,5217763,131704,43222.36,119393.42,18395.13,11727.03,13100.2,48575.81,34633.7,36183.91,24563.0,84433.0,22708.0,1749181.0,1955419.0,1513163.0,2.762306824523233,0.4469058393487092,0.554369484605697
2025-07-22,3003,1322,1276,214550.99,116024.2,98526.79,4599785,108525,37818.79,105793.9,16798.09,12243.45,8777.25,44164.64,35870.01,25759.25,24855.0,67408.0,16262.0,1870222.0,1628947.0,1100616.0,2.7973898688985024,0.49309443876255243,0.5407768102118755
2025-07-23,3858,1748,1741,284255.03,150056.99,134198.04,5473688,128139,48960.28,136065.63,20631.82,14130.61,14197.849999999999,51129.87,45597.93,39337.83,25923.0,76186.0,26030.0,1908589.0,1864082.0,1701017.0,2.7791023662446377,0.4786744846696292,0.5278956365345583
2025-07-24,2103,696,709,214993.51,113319.63,101673.88,4479982,114802,33869.28,93980.56,14050.72,10346.03,9472.53,36426.229999999996,31629.6,25924.73,20410.0,75651.0,18741.0,1508352.0,1744942.0,1226688.0,2.774802416821379,0.4371320790101989,0.5270839570924722
2025-07-25,2797,1123,1076,291251.97,174849.58,116402.39,4743457,106884,41372.9,117629.63,17687.19,9043.93,14641.779999999999,47385.08,26500.05,43744.5,22804.0,59116.0,24964.0,1661436.0,1484740.0,1597281.0,2.843156510662777,0.40387582614462664,0.6003378449251348
2025-07-26,2812,946,945,280697.62,148965.29,131732.33,5260661,132694,42468.380000000005,120721.81,16849.49,13818.11,11800.78,43196.41,43613.04,33912.36,20804.0,88703.0,23187.0,1542052.0,2162961.0,1555648.0,2.8426280917708655,0.43007778263314095,0.5306966621234623
2025-07-27,2377,815,799,224499.08,117565.4,106933.68,5337058,137293,43980.13,122829.69,15119.810000000001,14803.539999999999,14056.78,38783.64,44591.380000000005,39454.67,21829.0,92606.0,22858.0,1566093.0,2204166.0,1566799.0,2.792845087088192,0.547127810056059,0.5236787607325607
2025-07-28,2561,1095,1045,204053.06,108272.37,95780.69,4950496,125065,37630.299999999996,111763.04000000001,14419.25,10334.529999999999,12876.519999999999,39901.76,33888.26,37973.020000000004,21005.0,80970.0,23090.0,1516926.0,1926328.0,1507242.0,2.970027876471886,0.547715579467419,0.5306089014298536
2025-07-29,3260,1035,993,254314.45,147428.24,106886.21,5572661,143663,44248.48,123557.70999999999,17704.5,13776.22,12767.76,45813.869999999995,41454.03,36289.81,22358.0,100877.0,20428.0,1657603.0,2552896.0,1362162.0,2.7923605511420955,0.4858462033911167,0.5797084672145054
2025-07-30,4266,1440,1451,343570.79,201524.77,142046.02,6289462,155362,50580.5,140742.41,20031.65,16233.23,14315.619999999999,53555.43,46623.700000000004,40563.28,27813.0,103503.0,24046.0,1903918.0,2787427.0,1598117.0,2.782542877195757,0.40964602957079094,0.5865596723167299
2025-07-31,3160,1347,1291,238995.46,141694.68,97300.78,5313220,131007,43382.520000000004,123164.0,16018.810000000001,12695.06,14668.65,42095.08,39192.92,41876.0,22175.0,83750.0,25082.0,1642780.0,1957089.0,1713351.0,2.839023643624206,0.5153403332431503,0.5928760320384329
2025-08-01,2938,1401,1301,239297.93,120148.75,119149.18,5827967,153547,44198.22,126729.39,17844.63,15003.439999999999,11350.15,46127.950000000004,49191.119999999995,31410.32,26285.0,106730.0,20532.0,1920352.0,2514215.0,1393400.0,2.867296239531818,0.5295883253148074,0.5020885471094547
2025-08-02,3018,1570,1543,258875.51,148809.85,110065.66,5496180,124568,47389.65,132509.73,19858.08,13443.39,14088.18,54411.88,38593.28,39504.57,28332.0,73331.0,22905.0,2083450.0,1848330.0,1564400.0,2.796174481136704,0.5118666110981298,0.5748317019249909
2025-08-03,3702,1620,1554,340964.16,199409.58,141554.58,6169052,154673,49213.37,138192.69,19562.3,16892.510000000002,12758.56,53383.49,49576.8,35232.4,28556.0,99802.0,26315.0,2087448.0,2381422.0,1700182.0,2.808031435359944,0.4052997534990188,0.5848402952380685
2025-08-04,2677,950,898,247384.79,144893.62,102491.17,5464914,131328,47178.85,131148.47,21895.510000000002,12878.33,12405.01,57630.16,38206.73,35311.58,26329.0,82957.0,22042.0,1999573.0,2004196.0,1461145.0,2.7798148958696536,0.5301395853803299,0.585701408724441
2025-08-05,2524,1232,1145,255349.35,151364.66,103984.69,6066173,142751,47286.14,131833.02,19942.129999999997,12555.55,14788.460000000001,51199.83,38635.35,41997.840000000004,28275.0,88132.0,26344.0,2120173.0,2175546.0,1770454.0,2.787984386122445,0.5162849249469403,0.5927748004841211
2025-08-06,3054,1333,1240,286964.59,156208.01,130756.58,5506914,146594,43043.71,121984.06,16557.07,15327.16,11159.48,44660.35,47043.159999999996,30280.55,21282.0,102010.0,23302.0,1585076.0,2356034.0,1565804.0,2.833957853540041,0.4250840147211194,0.5443459417763007
2025-08-07,3816,1271,1250,290615.11,166892.32,123722.79,6080287,159528,46013.44,130876.01,19098.25,15094.17,11821.02,49565.83,45719.02,35591.159999999996,26965.0,108848.0,23715.0,1979371.0,2561678.0,1539238.0,2.844299622023478,0.4503413810796004,0.5742726866472979
2025-08-08,3322,1342,1305,300068.84,182338.19,117730.65,6199975,166488,47181.28,134543.54,17118.41,19077.16,10985.71,44427.4,57651.71,32464.43,26731.0,117837.0,21920.0,1961928.0,2848294.0,1389753.0,2.8516297141578186,0.4483755794170431,0.6076545302071351
2025-08-09,3296,1789,1796,299669.71,178918.65,120751.06,6485327,169230,48407.82,137553.7,18108.440000000002,14241.63,16057.75,45671.56,44477.4,47404.740000000005,25435.0,114677.0,29118.0,1958863.0,2644718.0,1881746.0,2.841559483571043,0.45901769651660823,0.5970528352698709
2025-08-10,3153,1588,1507,306997.73,169616.47,137381.26,6304919,155867,47270.89,134421.38,18290.04,16759.25,12221.6,49652.270000000004,49299.99,35469.12,29113.0,104264.0,22490.0,2145238.0,2646302.0,1513379.0,2.8436397114587857,0.43785789556163823,0.5525007302171258
2025-08-11,2309,1072,1019,252722.59,153870.3,98852.29,5828279,142515,48350.47,135116.61,18918.21,14901.02,14531.24,50302.98,46655.56,38158.07,26575.0,92924.0,23016.0,1980138.0,2243747.0,1604394.0,2.794525265214588,0.5346439746442927,0.6088505978037024
2025-08-12,2954,1318,1313,285009.86,143614.18,141395.68,5348946,139808,41314.55,114233.93000000001,16763.48,13295.619999999999,11255.45,41902.26,37862.78,34468.89,23134.0,95917.0,20757.0,1688562.0,2289787.0,1370597.0,2.764980618208355,0.4008069405037426,0.5038919706146306
2025-08-13,2900,1238,1232,244095.73,145083.84,99011.89,5524574,139114,42955.48,117976.48,18600.75,14619.19,9735.539999999999,46679.13,43946.729999999996,27350.620000000003,24859.0,90143.0,24112.0,1796520.0,2132541.0,1595513.0,2.7464826373724605,0.48332053985540835,0.5943727077896855
2025-08-14,2557,1363,1288,246950.21,121768.63,125181.58,5016405,124727,36275.32,99789.48,16135.29,10537.73,9602.3,40324.5,33388.12,26076.86,23550.0,83124.0,18053.0,1782552.0,2022396.0,1211457.0,2.7508917908925405,0.40408744742513075,0.4930898013814202
2025-08-15,2017,894,859,204220.75,99324.09,104896.66,4986096,113511,35695.15,95045.56999999999,16339.65,9082.28,10273.220000000001,42318.66,25499.46,27227.449999999997,22892.0,66928.0,23691.0,1698845.0,1678996.0,1608255.0,2.662702636072407,0.46540603733949654,0.48635650393018337
2025-08-16,3486,1371,1304,287374.16,174824.52,112549.64,5855324,144783,48459.13,138277.3,19140.54,16214.8,13103.79,50540.32,48044.82,39692.16,24713.0,95850.0,24220.0,1869251.0,2405929.0,1580144.0,2.8534829246831297,0.4811751341874301,0.6083515650815647
2025-08-17,3046,1172,1097,260207.76,157620.15,102587.61,5729713,145929,49239.29,142903.85,21723.41,16946.43,10569.45,55962.9,56723.08,30217.87,26523.0,96633.0,22773.0,2001714.0,2242408.0,1485591.0,2.902232140227855,0.549191346176609,0.6057473074592394
2025-08-18,2303,1243,1156,206556.83,121671.75,84885.08,4813997,118048,36802.81,102102.05,17311.55,10404.14,9087.12,41185.69,33216.71,27699.649999999998,22280.0,76836.0,18932.0,1626882.0,1928365.0,1258750.0,2.7743003863020244,0.49430488452015847,0.5890473338499628
2025-08-19,2358,745,750,241960.59,144644.5,97316.09,4681484,111335,37654.91,111038.18000000001,14727.51,11122.48,11804.92,38865.81,38125.55,34046.82,20832.0,68713.0,21790.0,1524275.0,1712526.0,1444683.0,2.948836685574338,0.4589101886385713,0.5978018982347497
2025-08-20,3105,1069,1015,238645.09,127445.31,111199.78,4760061,108983,39890.51,112824.62,16854.34,10790.98,12245.19,44156.0,33861.61,34807.01,23241.0,63011.0,22731.0,1729817.0,1531860.0,1498384.0,2.8283574213515945,0.4727715956779165,0.5340370086809664
2025-08-21,2530,1303,1329,205032.67,102612.53,102420.14,4756179,115799,37202.99,104641.65,14563.16,10501.51,12138.32,38568.53,31373.47,34699.65,22031.0,71731.0,22037.0,1640148.0,1656301.0,1459730.0,2.8127215043737075,0.5103657382991695,0.5004691691328996
2025-08-22,2168,668,645,215178.34,113944.49,101233.85,4860178,122200,36421.65,107620.64,13805.38,11188.08,11428.189999999999,38691.659999999996,35943.11,32985.869999999995,19916.0,78020.0,24264.0,1399202.0,1899886.0,1561090.0,2.9548535005964855,0.5001462507797021,0.5295351288610183
2025-08-23,3550,1568,1548,320310.11,188007.73,132302.38,5296938,130901,47025.4,134260.34,18540.8,14331.2,14153.4,50884.46,42449.700000000004,40926.18,22369.0,83544.0,24988.0,1708137.0,1931683.0,1657118.0,2.8550600313872927,0.4191573597224265,0.5869553414970262
2025-08-24,2523,1256,1178,258953.2,128419.08,130534.12,5459710,141626,45731.2,126270.98,18193.56,16389.41,11148.23,46830.36,47170.06,32270.559999999998,21383.0,99421.0,20822.0,1655306.0,2391638.0,1412766.0,2.7611560597578895,0.4876208519531714,0.49591617326991905
2025-08-25,3242,1491,1514,268195.98,149466.13,118729.85,4900527,130086,40112.1,113912.12,14376.61,13864.6,11870.89,39075.6,40957.94,33878.58,18631.0,91624.0,19831.0,1400426.0,2175119.0,1324982.0,2.839844336247666,0.42473462875916335,0.5573019028845996
2025-08-26,3386,1325,1290,295071.75,179926.24,115145.51,5428621,140760,44026.42,122480.91,18172.27,15748.96,10105.19,48433.86,45079.94,28967.11,22040.0,97219.0,21501.0,1649785.0,2291469.0,1487367.0,2.78198658896181,0.4150885674416477,0.6097711488815856
2025-08-27,2601,1214,1136,216104.95,113084.41,103020.54,4913508,119075,39037.91,110999.41,13374.79,12715.19,12947.93,35646.4,38760.83,36592.18,22287.0,73567.0,23221.0,1641459.0,1741260.0,1530789.0,2.8433748118175384,0.5136365918503949,0.5232846818177926
2025-08-28,3236,1724,1652,247519.4,145793.47,101725.93,5589772,139499,47938.44,134529.25,21393.02,13915.619999999999,12629.8,55406.54,42859.75,36262.96,24820.0,91045.0,23634.0,1900843.0,2145375.0,1543554.0,2.806291777538026,0.5435099228585719,0.5890183557329244
2025-08-29,3154,1088,1040,226107.82,117891.11,108216.71,4956224,125561,35822.76,102703.07,12985.78,11075.369999999999,11761.61,35151.89,35525.4,32025.78,19497.0,82561.0,23503.0,1428391.0,1986055.0,1541778.0,2.866978144620906,0.4542216629216982,0.5213933334990359
2025-08-30,3000,1426,1353,305078.01,175947.47,129130.54,5456139,133464,44135.82,125297.20999999999,18689.95,14053.24,11392.630000000001,48980.409999999996,43779.04,32537.76,29314.0,83832.0,20318.0,2053830.0,2040779.0,1361530.0,2.8389006933597245,0.41070547824800613,0.5767294404470515
2025-08-31,2395,1079,1038,238354.78,114496.24,123858.54,5711312,134745,45334.08,128047.81,18833.39,12817.47,13683.22,49680.91,40099.86,38267.04,24488.0,81327.0,28930.0,1839414.0,1959012.0,1912886.0,2.8245375223231615,0.5372151966073431,0.4803605784620724
2025-09-01,3757,1322,1316,296533.91,172492.17,124041.74,5970517,148406,44880.4,122842.42,20136.96,11399.76,13343.68,51975.520000000004,34218.55,36648.35,26458.0,97146.0,24802.0,2032689.0,2231394.0,1706434.0,2.737106175524282,0.41426095248263517,0.5816945859581456
2025-09-02,2619,1273,1283,287607.96,152559.86,135048.1,5912055,151501,49675.81,137741.77,19430.95,19728.61,10516.25,49909.48,59329.81,28502.48,25692.0,105825.0,19984.0,1885153.0,2690124.0,1336778.0,2.7728137699214166,0.4789219672501414,0.5304438027375875
2025-09-03,3681,1452,1383,303803.33,162377.28,141426.05,6171596,160887,51907.81,144095.16,19985.86,18377.21,13544.74,50168.58,54801.73,39124.85,27572.0,110418.0,22897.0,2037966.0,2563623.0,1570007.0,2.7759822654818227,0.47430408350033554,0.5344815674008576
2025-09-04,2756,1383,1361,282378.04,158394.37,123983.67,5484600,131181,46952.44,130968.71,20912.39,15055.07,10984.98,54413.78,45240.95,31313.98,25836.0,83687.0,21658.0,1966255.0,2046818.0,1471527.0,2.7893909240925496,0.4638062860695542,0.5609301983964475
2025-09-05,2640,908,863,221288.67,122521.82,98766.85,5260372,127363,42935.99,118299.85,14647.44,14065.79,14222.76,36924.1,41191.43,40184.32,22729.0,79390.0,25244.0,1652546.0,1979673.0,1628153.0,2.755260796362213,0.5345951512113114,0.553674166869908
2025-09-06,3845,1440,1411,332048.9,199746.55,132302.35,6244299,143552,51853.1,141897.55,23879.52,12625.88,15347.7,60179.58,39103.71,42614.26,32843.0,82724.0,27985.0,2365251.0,2059487.0,1819561.0,2.7365297349628084,0.42733931658861085,0.601557632023476
2025-09-07,5009,2491,2339,376324.45,183087.68,193236.77,6304089,142422,54280.65,154271.83000000002,22850.93,14741.05,16688.67,60349.55,46209.81,47712.47,27693.0,85786.0,28943.0,2155236.0,2193312.0,1955541.0,2.842114639378858,0.40994368024719097,0.48651550543686434
2025-09-08,2751,919,907,298644.18,146421.48,152222.7,5604162,136588,49478.51,143104.78,16444.420000000002,17078.07,15956.02,42710.630000000005,56713.75,43680.4,24757.0,86427.0,25404.0,1755006.0,2136741.0,1712415.0,2.892261306979535,0.4791815464141977,0.4902874048976947
2025-09-09,4410,2027,1974,312940.13,151560.16,161379.97,6526543,166717,52270.93,149701.66,21668.12,14439.6,16163.210000000001,56526.83,44599.96,48574.869999999995,29059.0,110779.0,26879.0,2109003.0,2644125.0,1773415.0,2.8639563137675186,0.4783715658327361,0.48431040148158694
2025-09-10,2649,946,890,235893.29,141579.4,94313.89,5471387,135280,41299.16,114474.29,18648.9,11300.8,11349.46,47583.92,34186.57,32703.8,24908.0,86317.0,24055.0,1857975.0,2059288.0,1554124.0,2.7718309524939486,0.4852799755347004,0.6001840917136727
2025-09-11,2545,1382,1407,266395.31,133847.87,132547.44,5333917,131211,44007.87,126456.73,17829.38,13380.92,12797.57,48311.76,41316.6,36828.37,25768.0,83578.0,21865.0,1929203.0,1920235.0,1484479.0,2.8735026257803433,0.4746957819940599,0.5024407899673609
2025-09-12,2624,966,894,263461.73,146803.98,116657.75,5769167,143018,45575.9,129264.66,19246.12,15182.4,11147.38,49420.38,49050.15,30794.13,26114.0,94815.0,22089.0,1954647.0,2286187.0,1528333.0,2.836250298951858,0.49063922870315935,0.5572117817642813
